,month,payment_type,tips average amount
0,1,Cash,0.0003412275885868457
1,1,Credit card,2.985666787865388
2,1,Dispute,0.02415056739551619
3,1,No charge,-0.00221527099609375
5,2,Cash,0.0
6,2,Credit card,5.0456521739130435
7,3,Cash,0.0
8,3,Credit card,1.5
9,4,Credit card,1.76
10,5,Cash,0.0
11,5,Credit card,3.6500000000000004
12,6,Cash,0.0
13,7,Cash,0.0
14,7,Credit card,2.2199999999999998
15,12,Cash,0.0
16,12,Credit card,2.8589010989010992
17,12,No charge,0.0
